,ml_id
0,154
1,155
2,156
3,158
4,159
5,160
6,162
7,164
8,165
9,166
10,167
11,168
12,169
13,171
14,173
15,177
16,178
17,179
18,181
19,182
20,185
21,186
22,187
23,188
24,189
25,190
26,191
27,192
28,193
29,197
30,198
31,199
32,200
33,202
34,204
35,205
36,206
37,208
38,209
39,211
40,214
41,215
42,216
43,217
44,218
45,219
46,220
47,221
48,225
49,229
50,230
51,232
52,233
53,234
54,236
55,237
56,242
57,243
58,245
59,251
60,252
61,254
62,255
63,256
64,257
65,258
66,260
67,261
68,262
69,265
70,267
71,268
72,272
73,273
74,275
75,276
76,277
77,280
78,281
79,282
80,283
81,287
82,289
83,291
84,292
85,293
86,294
87,295
88,296
89,297
90,298
91,301
92,302
93,303
94,304
95,306
96,307
97,309
98,310
99,311
100,317
101,318
102,319
103,320
104,321
105,322
106,323
107,324
108,325
109,326
110,329
111,332
112,333
113,335
114,336
115,338
116,340
117,342
118,344
119,345
120,346
121,348
122,349
123,352
124,354
125,355
126,356
127,357
128,360
129,362
130,363
131,368
132,369
133,370
134,371
135,372
136,374
137,375
138,376
139,378
140,380
141,382
142,384
143,385
144,387
145,388
146,390
147,391
148,393
149,396
150,397
151,398
152,399
153,400
154,401
155,403
156,404
157,405
158,406
159,407
160,409
161,411
162,412
163,413
164,414
165,415
166,416
167,417
168,418
169,419
170,420
171,421
172,422
173,423
174,424
175,425
176,426
177,427
178,429
179,431
180,435
181,437
182,438
183,440
184,441
185,444
186,447
187,449
188,450
189,451
190,453
191,456
192,457
193,458
194,459
195,464
196,465
197,466
198,467
199,468
200,470
201,471
202,473
203,474
204,476
205,477
206,479
207,480
208,481
209,482
210,485
211,486
212,488
213,490
214,491
215,492
216,493
217,496
218,498
219,501
220,503
221,506
222,507
223,508
224,509
225,510
226,511
227,512
228,513
229,515
230,516
231,517
232,519
233,520
234,521
235,522
236,524
237,526
238,527
239,528
240,531
241,532
242,536
243,537
244,538
245,540
246,541
247,542
248,543
249,544
250,545
251,549
252,550
253,551
254,552
255,553
256,554
257,556
258,557
259,560
260,561
261,563
262,566
263,568
264,571
265,572
266,575
267,576
268,577
269,579
270,580
271,581
272,582
273,584
274,585
275,588
276,590
277,594
278,595
279,597
280,600
281,602
282,603
283,604
284,606
285,611
286,613
287,614
288,616
289,618
290,620
291,622
292,623
293,624
294,625
295,626
296,628
297,629
298,630
299,631
300,636
301,637
302,638
303,640
304,641
305,642
306,644
307,645
308,646
309,650
310,651
311,652
312,653
313,654
314,655
315,657
316,660
317,661
318,662
319,663
320,665
321,666
322,667
323,668
324,670
325,675
326,676
327,679
328,681
329,683
330,684
331,685
332,687
333,688
334,696
335,698
336,701
337,702
338,703
339,704
340,706
341,710
342,722
343,723
344,724
345,725
346,727
347,728
348,729
349,730
350,732
351,733
352,734
353,735
354,736
355,737
